{"sections":{"main":{"type":"rebundle-multi-step","settings":{"rb_bg":"#ffffff","rb_page_width":1500,"rb_container_pady_ns":0,"rb_container_padx_ns":15,"rb_pad_pady":0,"rb_pad_padx":15,"rb_f5":"14px","rb_btn_bg":"#244b5a","rb_btn_color":"#ffffff","rb_btn_bg_hover":"#222222","rb_btn_color_hover":"#ffffff","rb_btn_pady":12,"rb_btn_padx":24,"rb_btn_border_radius":0,"rb_nav_bg":"#244b5a","rb_nav_color":"#ffffff","rb_steps_gap":48,"rb_step_bg":"#244b5a","rb_step_color":"#ffffff","rb_active_step_bg":"#008d8f","rb_active_step_color":"#ffffff","rb_nav_btn_bg":"#244b5a","rb_nav_btn_color":"#ffffff","rb_hide_options_label":true,"rb_options_per_row":5,"rb_options_gap":16,"rb_option_aspect_ratio":"75%","rb_hide_option_image":false,"rb_option_bg":"#ffffff","rb_option_border":"#ebebeb","rb_active_option_bg":"#ffffff","rb_active_option_border":"#244b5a","rb_progress_bar":"#008d8f","rb_alerts_bg":"#222222","rb_alerts_color":"#ffffff","rb_border_color":"#ebebeb","rb_items_per_row":5,"rb_items_gap":32,"item_aspect_ratio":"100%","item_border_radius":0,"rb_item_input_bg":"#f7f7f7","rb_item_input_border":"#f7f7f7"}}},"order":["main"]}