{"presets":{"Default":{"content_for_index":[]}},"current":{"vela_color_primary":"#000000","vela_color_secondary":"#535353","vela_color_borders":"#e1e1e1","vela_color_background":"#ffffff","text_color_primary":"#797676","text_color_secondary":"#4b4d52","text_color_banner":"#9d9d9d","button_one_bgcolor":"#f07b6d","button_one_bordercolor":"#f07b6d","button_one_txtcolor":"#ffffff","button_one_bgcolor_hover":"#000000","button_one_bordercolor_hover":"#000000","button_one_txtcolor_hover":"#ffffff","btnpro_bgcolor":"#f07b6d","btnpro_bordercolor":"#f07b6d","btnpro_txtcolor":"#ffffff","btnpro_bgcolor_hover":"#000000","btnpro_bordercolor_hover":"#000000","btnpro_txtcolor_hover":"#ffffff","addtocart_bgcolor":"#f07b6d","addtocart_bordercolor":"#f07b6d","addtocart_txtcolor":"#ffffff","addtocart_bgcolor_hover":"#000000","addtocart_bordercolor_hover":"#000000","addtocart_txtcolor_hover":"#ffffff","vela_topbar_bgcolor":"#90cfcc","vela_topbar_textcolor":"#1b1b1b","vela_header_bgcolor":"#ffffff","vela_header_textcolor":"#008d8f","vela_footer_bgcolor":"#1b1b1b","vela_footer_titlecolor":"#ffffff","vela_footer_textcolor":"#e1e1e1","vela_breadcrumb_bgcolor":"#f5f5f5","vela_breadcrumb_textcolor":"#000000","vela_breadcrumb_linkcolor":"#000000","vela_breadcrumb_headingcolor":"#008d8f","velamenu_bgcolor":"#ffffff","velamenu_linkcolor":"#ffffff","velamenu_linkcolor_hover":"#ffffff","velamenu_dropdown_bgcolor":"#ffffff","velamenu_dropdown_linkcolor":"#008d8f","velamenu_dropdown_linkcolor_hover":"#008d8f","vela_fontfamily_style":"upload_fonts","vela_fontfamily_link":"","vela_fontfamily":"Proxima Nova","vela_fontfamily_secondary_style":"upload_fonts","vela_fontfamily2_link":"","vela_fontfamily_secondary":"Proxima Nova Bold","vela_fontfamily_tertiary_style":"upload_fonts","vela_fontfamily3_link":"","vela_fontfamily_tertiary":"Wednesdom","vela_fontsize":14,"velamenu_fontsize":15,"velamenu_dropdown_fontsize":13,"favicon":"shopify:\/\/shop_images\/cropped-512-Logo-Cup-Only-1.png","social_twitter_link":"https:\/\/www.twitter.com\/ketochow","product_reviews_enable":false,"show_sidebar":false,"productgrid_swatch":false,"productgrid_type":false,"productgrid_review":true,"productgrid_shortdesc":true,"productgrid_sale":true,"productgrid_new":false,"productgrid_available":false,"productgrid_text":false,"loading_enable":false,"header_float_enable":true,"gotop_enable":false,"product_swatch_unvailable":true,"product_swatch":true,"product_second_image":true,"sidebar_filtercustag_multi":true,"quickview_enable":true,"quickview_availability":true,"quickview_vendor":false,"quickview_protype":true,"quickview_prosku":false,"ajax_cart_method":"drawer","cart_notes_enable":true,"googlemap_enable":true,"googlemap_key":"AIzaSyDqstP8RWMwkuJYsaWQ29dZFim3506MteA","show_multiple_currencies":false,"currency_title":"Currency","currency_format":"money_format","supported_currencies":"CAD USD","default_currency":"USD","vela_newslettermodal_enable":false,"vela_newslettermodal_cookie":"60","vela_newslettermodal_title":"Get Our Email Letter","vela_newslettermodal_description":"Subscribe to the outstock mailing list to receive updates on new arrivals, special offers anrisd other discount information.","vela_newslettermodal_chk":"Don't show this popup again","vela_newslettermodal_bgimage":true,"vela_newslettermodal_mailchimp":false,"newsletter_formmodal_action":"","checkout_header_image":"shopify:\/\/shop_images\/18.jpg","checkout_logo_image":"shopify:\/\/shop_images\/Logo-White-Shadow-2000.png","checkout_logo_position":"center","checkout_logo_size":"medium","checkout_body_background_image":"","checkout_body_background_color":"#fff","checkout_input_background_color_mode":"white","checkout_sidebar_background_image":"","checkout_sidebar_background_color":"#fafafa","checkout_heading_font":"-apple-system, BlinkMacSystemFont, 'Segoe UI', Roboto, Helvetica, Arial, sans-serif, 'Apple Color Emoji', 'Segoe UI Emoji', 'Segoe UI Symbol'","checkout_body_font":"-apple-system, BlinkMacSystemFont, 'Segoe UI', Roboto, Helvetica, Arial, sans-serif, 'Apple Color Emoji', 'Segoe UI Emoji', 'Segoe UI Symbol'","checkout_accent_color":"#244b5a","checkout_button_color":"#008d8f","checkout_error_color":"#752157","body_bg_img":"","share_image":"","velavermenu_bgcolor":"#ffffff","velavermenu_linkcolor":"#000000","velavermenu_linkcolor_hover":"#000000","velavermenu_dropdown_bgcolor":"#ffffff","velavermenu_dropdown_linkcolor":"#000000","velavermenu_dropdown_linkcolor_hover":"#333e43","vmegamenu_label":true,"megamenu_label1":"","select_itemmenu1":"yes","megamenu_label2":"New","select_itemmenu2":"yes","megamenu_label3":"hot","select_itemmenu3":"no","megamenu_label4":"","select_itemmenu4":"no","megamenu_label5":"","select_itemmenu5":"yes","megamenu_label6":"","select_itemmenu6":"yes","megamenu_label7":"","select_itemmenu7":"yes","megamenu_label8":"","select_itemmenu8":"yes","megamenu_label9":"","select_itemmenu9":"yes","megamenu_label10":"","select_itemmenu10":"yes","megamenu_label11":"","select_itemmenu11":"yes","megamenu_label12":"","select_itemmenu12":"yes","velavermenu_icon_enable":false,"vela_newslettermodal_subtile":"SIGN UP FOR OUR NEWSLETTER & PROMOTIONS !","vela_newslettermodal_subtitlebottom":"ON YOUR NEXT PURCHASE","vela_newslettermodal_alert":"No Thank ! I am not interested in this promotion","vela_newslettermodal_titile":"GET 20% OFF","vela_color_tertiary":"#dcdcdc","vela_footercenter_bgcolor":"#ebebeb","vela_footercopy_bgcolor":"#ebebeb","wishlist_enable":true,"wishlist_page":"wishlist","vela_fontfamily_system":"times_new_roman","vela_fontfamily2_system":"times_new_roman","sections":{"vela-header":{"type":"vela-header","blocks":{"1561264020733":{"type":"text","settings":{"velamenu_item":"Shop","velamenu_menu_enable":false,"velamenu_menu_col":"col-sm-12","velamenu_menu_menucol":"col-sm-2","velamenu_product_enable":false,"velamenu_product_col":"col-sm-3","velamenu_product_title":"Shop","velamenu_product_collection":"","velamenu_product_item":"1","velamenu_html_enable":true,"velamenu_html_col":"col-sm-12","velamenu_html_title":"","velamenu_html_content":"<div class=\"col-sm-20 hover-underline-animation\"><a href=\"\/collections\/keto-chow\" tabindex=\"0\"><img class=\"lazyload\" src=\"img%20path\" data-src=\"https:\/\/info.ketochow.xyz\/wp-content\/uploads\/2021\/10\/Keto-Chow-Collection.jpg\" style=\"width:100%;\"><h5>Keto Chow<\/h5><\/a><\/div>\n<div class=\"col-sm-20 hover-underline-animation\"><a href=\"\/collections\/deals-bundles\" tabindex=\"0\"><img class=\"lazyload\" src=\"img%20path\" data-src=\"https:\/\/cdn.shopify.com\/s\/files\/1\/0023\/8721\/4434\/collections\/a7b830e041034db4137c5dff9d952b90.jpg?v=1641059148\" style=\"width:100%;\"><h5>Starter Kits & Bundles<\/h5><\/a><\/div>\n<div class=\"col-sm-20 hover-underline-animation\"><a href=\"\/collections\/nutrients\" tabindex=\"0\"><img class=\"lazyload\" src=\"img%20path\" data-src=\"https:\/\/cdn.shopify.com\/s\/files\/1\/0023\/8721\/4434\/collections\/580e57b1caad36022a1a76a7f94d3475.jpg?v=1641243219\" style=\"width:100%;\"><h5>Electrolytes<\/h5><\/a><\/div>\n<div class=\"col-sm-20 hover-underline-animation\"><a href=\"https:\/\/www.ketochow.xyz\/pages\/chooseyourkit\" tabindex=\"0\"><img class=\"lazyload\" src=\"img%20path\" data-src=\"https:\/\/cdn.shopify.com\/s\/files\/1\/0023\/8721\/4434\/collections\/Subscription_f231ddd5-f70e-48c1-9764-20e2d4c81ba2.png?v=1641059053\" style=\"width:100%;\"><h5>Subscriptions<\/h5><\/a><\/div>\n<div class=\"col-sm-20 hover-underline-animation\"><a href=\"\/collections\/bottles-more\" tabindex=\"0\"><img class=\"lazyload\" src=\"img%20path\" data-src=\"https:\/\/cdn.shopify.com\/s\/files\/1\/0023\/8721\/4434\/collections\/f29b2bb803c46195a1058ad2cf23d608.jpg?v=1641059007\" style=\"width:100%;\"><h5>Bottles & More<\/h5><\/a><\/div>","velamenu_banner_enable":false,"velamenu_banner_col":"col-sm-6","velamenu_banner_link":"","velamenu_collection_enable":false,"velamenu_collection_col":"col-sm-12","velamenu_collection_title":"","velamenu_collectionitem_col":"20%","velamenu_list_collection1":"keto-chow","velamenu_list_collection2":"deals-bundles","velamenu_list_collection3":"electrolytes","velamenu_list_collection4":"subscriptions","velamenu_list_collection5":"bottles-more","velamenu_list_collection6":"","velamenu_list_collection7":"","velamenu_list_collection8":"","velamenu_list_collection9":"","velamenu_list_collection10":""}},"944683bb-af63-48c9-89ad-4e4862c6288a":{"type":"text","settings":{"velamenu_item":"Learn","velamenu_menu_enable":false,"velamenu_menu_col":"","velamenu_menu_menucol":"","velamenu_product_enable":false,"velamenu_product_col":"","velamenu_product_title":"","velamenu_product_collection":"","velamenu_product_item":"2","velamenu_html_enable":true,"velamenu_html_col":"col-sm-12","velamenu_html_title":"","velamenu_html_content":"<div class=\"col-xs-2 hover-underline-animation\"><a href=\"https:\/\/info.ketochow.xyz\/what-is-keto\" tabindex=\"0\"><img class=\"lazyload\" src=\"img%20path\" data-src=\"https:\/\/cdn.shopify.com\/s\/files\/1\/0023\/8721\/4434\/files\/image-whatisketo_480x480.jpg?v=1630528084\" style=\"width:100%;\"><h5>What is Keto?<\/h5><\/a><\/div>\n<div class=\"col-xs-2 hover-underline-animation\"><a href=\"https:\/\/info.ketochow.xyz\/prepare\" tabindex=\"0\"><img class=\"lazyload\" src=\"img%20path\" data-src=\"https:\/\/info.ketochow.xyz\/wp-content\/uploads\/2021\/08\/image-howtomakeketochow.jpg\" style=\"width:100%;\"><h5>How to Make Keto Chow<\/h5><\/a><\/div>\n<div class=\"col-xs-2 hover-underline-animation\"><a href=\"https:\/\/info.ketochow.xyz\/nutrition\" tabindex=\"0\"><img class=\"lazyload\" src=\"img%20path\" data-src=\"https:\/\/cdn.shopify.com\/s\/files\/1\/0023\/8721\/4434\/files\/image-nutrition_480x480.jpg?v=1630528286\" style=\"width:100%;\"><h5>Nutrition<\/h5><\/a><\/div>\n<div class=\"col-xs-2 hover-underline-animation\"><a href=\"https:\/\/info.ketochow.xyz\/macro-calculator\" tabindex=\"0\"><img class=\"lazyload\" src=\"img%20path\" data-src=\"https:\/\/cdn.shopify.com\/s\/files\/1\/0023\/8721\/4434\/files\/image-calculator_480x480.jpg?v=1630528211\" style=\"width:100%;\"><h5>Macro Calculator<\/h5><\/a><\/div>\n<div class=\"col-xs-2 hover-underline-animation\"><a href=\"https:\/\/info.ketochow.xyz\/about-us#story\" tabindex=\"0\"><img class=\"lazyload\" src=\"img%20path\" data-src=\"https:\/\/cdn.shopify.com\/s\/files\/1\/0023\/8721\/4434\/files\/image-ourstory_480x480.jpg?v=1630528138\" style=\"width:100%;\"><h5>Our Story<\/h5><\/a><\/div>\n<div class=\"col-xs-2 hover-underline-animation\"><a href=\"https:\/\/info.ketochow.xyz\/blog\" tabindex=\"0\"><img class=\"lazyload\" src=\"img%20path\" data-src=\"https:\/\/cdn.shopify.com\/s\/files\/1\/0023\/8721\/4434\/files\/image-blog_480x480.jpg?v=1630528180\" style=\"width:100%;\"><h5>Keto Chow Blog<\/h5><\/a><\/div>","velamenu_banner_enable":false,"velamenu_banner_col":"","velamenu_banner_link":"https:\/\/info.ketochow.xyz\/learn\/","velamenu_collection_enable":false,"velamenu_collection_col":"","velamenu_collection_title":"","velamenu_collectionitem_col":"","velamenu_list_collection1":"","velamenu_list_collection2":"","velamenu_list_collection3":"","velamenu_list_collection4":"","velamenu_list_collection5":"","velamenu_list_collection6":"","velamenu_list_collection7":"","velamenu_list_collection8":"","velamenu_list_collection9":"","velamenu_list_collection10":""}},"ab52932b-d3ff-42b2-90d3-2325d79beba0":{"type":"text","settings":{"velamenu_item":"Kitchen","velamenu_menu_enable":false,"velamenu_menu_col":"","velamenu_menu_menucol":"","velamenu_product_enable":false,"velamenu_product_col":"","velamenu_product_title":"","velamenu_product_collection":"","velamenu_product_item":"2","velamenu_html_enable":true,"velamenu_html_col":"col-sm-12","velamenu_html_title":"","velamenu_html_content":"<div class=\"col-xs-2 hover-underline-animation\"><a href=\"https:\/\/info.ketochow.xyz\/recipes\" tabindex=\"0\"><img class=\"lazyload\" src=\"img%20path\" data-src=\"https:\/\/info.ketochow.xyz\/wp-content\/uploads\/2021\/10\/recipes.jpg\" style=\"width:100%;\"><h5>Recipes<\/h5><\/a><\/div>\n<div class=\"col-xs-2 hover-underline-animation\"><a href=\"https:\/\/info.ketochow.xyz\/meal-plans\/\" tabindex=\"0\"><img class=\"lazyload\" src=\"img%20path\" data-src=\"https:\/\/info.ketochow.xyz\/wp-content\/uploads\/2021\/10\/Meal-Plans.jpg\" style=\"width:100%;\"><h5>Meal Plans<\/h5><\/a><\/div>\n<div class=\"col-xs-2 hover-underline-animation\"><a href=\"https:\/\/info.ketochow.xyz\/flavor-hacks\" tabindex=\"0\"><img class=\"lazyload\" src=\"img%20path\" data-src=\"https:\/\/info.ketochow.xyz\/wp-content\/uploads\/2021\/10\/flavor-hacks.jpg\" style=\"width:100%;\"><h5>Flavor Hacks<\/h5><\/a><\/div>\n<div class=\"col-xs-2\"><\/div>\n<div class=\"col-xs-2\"><\/div>\n<div class=\"col-xs-2\"><\/div>","velamenu_banner_enable":false,"velamenu_banner_col":"","velamenu_banner_link":"","velamenu_collection_enable":false,"velamenu_collection_col":"","velamenu_collection_title":"","velamenu_collectionitem_col":"","velamenu_list_collection1":"","velamenu_list_collection2":"","velamenu_list_collection3":"","velamenu_list_collection4":"","velamenu_list_collection5":"","velamenu_list_collection6":"","velamenu_list_collection7":"","velamenu_list_collection8":"","velamenu_list_collection9":"","velamenu_list_collection10":""}}},"block_order":["1561264020733","944683bb-af63-48c9-89ad-4e4862c6288a","ab52932b-d3ff-42b2-90d3-2325d79beba0"],"settings":{"header_full_with":true,"logo":"shopify:\/\/shop_images\/TealKCLogo.jpg","logo_svg":"","header_dropshadow":true,"velamenu_enable":true,"velamenu_linklist":"redesign-header-menu","velamenu_menumobile_title":"Menu Mobile"}},"vela-menu":{"type":"vela-menu","settings":{"velamenu_enable":true,"velamenu_linklist":"main-menu","velamenu_menumobile_title":"Menu Mobile"}},"vela-footer":{"type":"vela-footer","settings":{"social_enable":true,"social_content":"<div class=\"d-flex velaListSocial\">\n    <a target=\"_blank\" href=\"https:\/\/www.facebook.com\/ketochow\/\">\n        <i class=\"fa fa-facebook pr10\"><\/i>\n    <\/a>\n    <a target=\"_blank\" href=\"https:\/\/www.instagram.com\/ketochow\/\">\n        <i class=\"fa fa-instagram pr10\"><\/i>\n    <\/a>\n    <a target=\"_blank\" href=\"https:\/\/www.twitter.com\/ketochow\/\">\n        <i class=\"fa fa-twitter pr10\"><\/i>\n    <\/a>\n    <a target=\"_blank\" href=\"https:\/\/www.pinterest.com\/ketochow\/\">\n        <i class=\"fa fa-pinterest pr10\"><\/i>\n    <\/a>\n    <a target=\"_blank\" href=\"https:\/\/www.youtube.com\/channel\/UCLzJ6fHwgjm8xwKPvMiRJ3w\">\n        <i class=\"fa fa-youtube pr10\"><\/i>\n    <\/a>\n    <a target=\"_blank\" href=\"https:\/\/www.reddit.com\/r\/ketochow\/\">\n        <i class=\"fa fa-reddit\"><\/i>\n    <\/a> \n<\/div>","newsletter_enable":true,"newsletter_description":"<div class=\"klaviyo-form-WBacEG\" style=\"width:100%;max-width:400px;\"><\/div>","contactinfo_enable":true,"contactinfo_desc":"<ul class=\"velaFooterLinks list-unstyled\">\n<li><a href=\"tel:385-645-5386\" style=\"color:white;\"> Phone: 385-645-5386<\/a><\/li>\n<li><a href=\"mailto:orders@ketochow.xyz\" style=\"color:white;\"> Email: orders@ketochow.xyz<\/a><\/li>\n<li>Hours: Mon - Fri 8AM - 5PM Mountain<\/li>\n<li><a href=\"https:\/\/goo.gl\/maps\/TRTvAWNBhkGy6mPW7\" target=\"_blank\"> Visit: 12577 S. 265 W St. Draper UT, 84020<\/a><\/li>\n<\/ul>","contactinfo_add":"","contactinfo_phone":"","contactinfo_email":"","menu_title1":"Shop","menu_handle1":"redesign-footer-shop-menu","menu_title2":"Account","menu_handle2":"redesign-footer-account-menu","menu_title3":"Company","menu_handle3":"redesign-footer-company-menu","footer_copyright":"<div class=\"standardpadding\"> <div class=\"copyrightfooter\" style=\"text-align:center;\"> © 2022 KETOCHOW. ALL RIGHTS RESERVED. | <a href=\"https:\/\/info.ketochow.xyz\/privacy-notice\">PRIVACY POLICY<\/a> | <a href=\"https:\/\/info.ketochow.xyz\/terms-and-conditions\">TERMS & CONDITIONS<\/a> | <a href=\"https:\/\/info.ketochow.xyz\/FAQ\">FREQUENTLY ASKED QUESTIONS<\/a> <\/div> <div class=\"disclaimerfooter\" style=\"text-align:center;margin-bottom:5%;\"> <small>The content of this website is not intended for the treatment or prevention of disease, nor as a substitute for medical treatment, nor as an alternative to medical advice. Use of recommendations is at the choice and risk of the reader. If you are on any medication, please consult with your family doctor before starting any new eating plan. Keto Chow is not intended to treat, cure or prevent any disease. Pregnant or breast feeding women should consult their health care professional before consuming.<\/small> <\/div> <\/div>","logo_payment_enable":false}},"sidebartop":{"type":"sidebartop","settings":{"sidebar_categories_enable":true,"sidebar_categories_title":"Shop by flavor","sidebar_categories_menu":""}},"vela-template-collections":{"type":"vela-template-collections","settings":{"listcoll_type":"typeone","collection_image":true,"items_page":"12","product_count":true,"collection_desc":true,"collection_btntext":"Shop Now","items_propage":"4"}},"vela-template-product":{"type":"vela-template-product","settings":{"product_bg_color":"#ffffff","prodetail_style":"detail_style1","product_available_enable":true,"product_type_enable":false,"product_vendor_enable":false,"product_sku_enable":false,"product_countdown_enable":false,"image_size":"725x","product_zoom_enable":false,"product_scroll_zoom":false,"product_zoom_type":"lens","product_zoom_width":"300","product_zoom_height":"300","product_lens_size":"100","product_lens_type":"square","product_collection_enable":false,"product_collection_title":"COLLECTIONS","product_coll_limit":6,"product_short_description":"yes","product_tab_type":"protab","product_tab1_enable":true,"product_tab1_title":"Details","product_tab2_enable":false,"product_tab2_title":"How to use","product_tab2_content":"<h4>How to make Keto Chow:<\/h4>\n<br>\n<h5>1. ADD FAT SOURCE<\/h5>\n<p>Add heavy cream, melted butter, oil… whatever fat source you like into a 20oz Blender Bottle. This is where you can customize the amount for your particular calorie needs. <a href=\"https:\/\/info.ketochow.xyz\/prepare\" target=\"_blank\">Try our calculator here to see how much fats you need.<\/a><\/p>\n\n<br>\n<h5>2. ADD KETO CHOW POWDER<\/h5>\n<p>Either one packet (single-serve) or one scoop (bulk meal bag).<\/p>\n\n<br>\n<h5>3. ADD WATER<\/h5>\n<p>Add 14oz warm water (or up to the 20 oz line)… and shake!<\/p>\n\n<br>\n<h5>4. SHAKE, REFRIGERATE, & ENJOY!<\/h5>\n<p>Refrigerate for 30 minutes (overnight brings out even more yumminess).<\/p>\n\n<br>\n<h5>\n<a href=\"https:\/\/info.ketochow.xyz\/prepare\" target=\"_blank\">What fat sources can I use? →<\/a>\n<\/h5>","product_tab3_enable":true,"product_tab3_title":"What is Keto?","product_tab3_content":"<h4>What is “Keto”?<\/h4>\n<p>If carbohydrates are available, your body will burn that first. If carbs are not available, your body will burn fat & your fat stores!\n\n“Keto” (scientifically known as “Nutritional Ketosis” but usually referred to as just “keto” or a “ketogenic diet”) involves restricting your diet to moderate protein, very low carbohydrates and high fat. It’s similar to the the Atkins diet, but with more solid science.\n\nWhen you are consuming enough protein to keep muscles happy, restricting carbohydrates as low as possible and making up the rest of your calories in fat, your body switches into a fat burning mode. Your liver will begin converting fats into energy molecules known technically as “ketone bodies” – which is where the name of the diet comes from.\n\nPeople end up with MORE energy and vitality on a ketogenic diet. Muscle cells are finally gaining energy instead of all the fuel getting stored away in fat cells because of insulin, specifically insulin resistance.<\/p>\n<br>\n<h5>\n<a href=\"https:\/\/info.ketochow.xyz\/what-is-keto\/\" target=\"_blank\">Keep Reading →<\/a>\n<\/h5>","product_tab4_enable":false,"product_tab4_title":"Reviews","dynamic_check_enable":false,"buyit_check_enable":false,"product_social_enable":false,"product_social_title":"Share:","product_social_facebook_enable":false,"product_social_twitter_enable":false,"product_social_linkedin_enable":false,"product_social_pinterest_enable":false,"product_related_enable":false,"product_related_title":"You may also like","product_related_subtitle":"","product_related_limit":"4"}},"vela-multi-banner":{"type":"vela-multi-banner","settings":{"full_with":false,"noGutter":false,"color_bg":"rgba(0,0,0,0)","padding_block":"","effect":"effectOne"}},"vela-richtext":{"type":"vela-richtext","settings":{"full_with":false,"color_bg":"rgba(0,0,0,0)","padding_block":"","title":"","text":"<p>Use this text to share information about your brand with your customers. Describe a product, share announcements, or welcome customers to your store.<\/p>"}},"vela-productlist":{"type":"vela-productlist","settings":{"full_with":false,"color_bg":"rgba(0,0,0,0)","padding_block":"","title":"","subtitle":"","collection_handle":"","carousel_enable":false,"limit":"8","navigation":true,"autoplay":false,"autoplay_timeout":"10000","column1":5,"column2":3,"column3":2,"column4":2,"column5":1,"product_style":"grid"}},"vela-html":{"type":"vela-html","settings":{"full_with":true,"color_bg":"rgba(0,0,0,0)","padding_block":"3% 14%","title":"","subtitle":"","content":"<h3>Title<\/h3>\n<p>Lorem ipsum dolor sit amet, consectetur adipiscing elit, sed do eiusmod tempor incididunt ut labore et dolore magna aliqua. Ut enim ad minim veniam, quis nostrud exercitation ullamco laboris nisi ut aliquip ex ea commodo consequat. Duis aute irure dolor in reprehenderit in voluptate velit esse cillum dolore eu fugiat nulla pariatur. Excepteur sint occaecat cupidatat non proident, sunt in culpa qui officia deserunt mollit anim id est laborum.\n<\/p>"}},"vela-blog":{"type":"vela-blog","settings":{"full_with":false,"color_bg":"#e1e1e1","padding_block":"7% 15%","title":"Blog Posts","subtitle":"Subtitle here","blog_handle":"news","image_featured":true,"show_meta":true,"layoutstyle":"blogListTemplate","limit":"8","navigation":true,"autoplay":false,"autoplay_timeout":"10000","column1":4,"column2":3,"column3":2,"column4":2,"column5":1}},"vela-newsletter":{"type":"vela-newsletter","settings":{"full_with":false,"color_bg":"rgba(0,0,0,0)","bgimage":"","padding_block":"","title":"","subtitle":"","description":"","mailchimp":true,"form_action":""}},"vela-template-cart":{"type":"vela-template-cart","settings":{"cart_notes_enable":true,"cart_vendor_enable":false}},"sidebarbottom":{"type":"sidebarbottom","settings":{"products_enbale":false,"products_title":"Best sellers","collection_handle":"frontpage","products_limit":"4","sidebar_banner_enable":false,"link":"shopify:\/\/collections\/women","effect":"effectFour"}},"vela-template-collection":{"type":"vela-template-collection","settings":{"collection_product_columns":"5","collection_product_page":"50","product_image_size":"300x400","collection_image":false,"collection_title":false,"collection_description":false}},"vela-template-about":{"type":"vela-template-about","settings":{"enable":true,"full":true,"color_bg":"rgba(0,0,0,0)","padding_block":"0% 14%","about_subtitle":"","about_title":"","about_desc":"<h3>title<\/h3>\nLorem ipsum dolor sit amet, consectetur adipiscing elit. Sed et tincidunt justo, vel posuere sem. Suspendisse non ex\nrhoncus, porttitor ex eget, lacinia nisl. Mauris luctus malesuada tortor. Phasellus mollis risus nec sem bibendum ultrices.\n<br><br>\nUt finibus vitae libero eu tempor. Vivamus imperdiet, mi non hendrerit vehicula, arcu eros vestibulum ante,\nEget porttitor purus enim vulputate elit. Fusce eleifend velit id arcu viverra faucibus. Nullam eu nunc eu libero iaculis ultricies quis non nunc. Maecenas ut turpis nunc. Cras id gravida elit, vel rhoncus nibh. Sed tristique consectetur ex, eu bibendum nunc malesuada vitae. Nunc non semper ex. Maecenas gravida turpis\nefficitur tincidunt interdum.\nMorbi eleifend ipsum quis lacus sagittis, ac aliquam nisl pulvinar.\n<br><br>\nQuisque magna metus, convallis vitae varius ut, consequat ut est. Vivamus libero est, fermentum at libero sed, venenatis imperdiet arcu. Integer purus velit, porta ac feugiat a, pellentesque quis turpis. Maecenas pulvinar augue id fringilla posuere. Nunc ut finibus odio, vel facilisis nibh. Quisque a\nposuere ex.\n<br><br>\n<h3>TITLE<\/h3>\nLorem ipsum dolor sit amet, consectetur adipiscing elit. Sed et tincidunt justo, vel posuere sem. Suspendisse non ex\nrhoncus, porttitor ex eget, lacinia nisl. Mauris luctus malesuada tortor. Phasellus mollis risus nec sem bibendum ultrices.\n<br><br>\nUt finibus vitae libero eu tempor. Vivamus imperdiet, mi non hendrerit vehicula, arcu eros vestibulum ante,"}},"vela-about-text":{"type":"vela-about-text","settings":{"enable":true,"full_with":true,"color_bg":"#008d8f","padding_block":"160px 0","bgimage":"shopify:\/\/shop_images\/overlay4.jpg","title":"<h1 style=\"text-align:left;color:#fff;\">Title Here<\/h1>","color_title":"#ffffff","desc":"<p style=\"text-align:left;\">Donec vehicula cursus vestibulum lectus, sit eros integer varius cum turpis et quam congue accumsan ac bibendum ac in erat. Donec posuere consectetuer volutpat rutrum ac sollicitudin quam quisque at interdum dignissim fringilla elit risus lorem condimentum eros mollis.<\/p>","color_desc":"#ffffff"}},"vela-about-team":{"type":"vela-about-team","blocks":{"1516719043817":{"type":"item","settings":{"image":"shopify:\/\/shop_images\/chrisBair.jpg","title":"Chris Bair","position":"CTO & Founder","desc":"Sed ut perspiciatis unde omnis iste\nnatus error sitaccusantium doloremque laudan\ntotam rem aperiam.","fa_link":"https:\/\/www.linkedin.com\/in\/theme-vela-343a5b123\/","tw_link":"https:\/\/twitter.com\/VelaTheme","in_link":"https:\/\/www.linkedin.com\/in\/theme-vela-343a5b123\/","instagram_link":"#"}},"1516719083012":{"type":"item","settings":{"image":"shopify:\/\/shop_images\/MiriamBair.jpg","title":"Miriam Bair","position":"COO & Founder","desc":"Sed ut perspiciatis unde omnis iste natus error sitaccusantium doloremque laudan totam rem aperiam.","fa_link":"https:\/\/www.facebook.com\/velatheme","tw_link":"https:\/\/www.facebook.com\/velatheme","in_link":"https:\/\/www.facebook.com\/velatheme","instagram_link":"#"}},"1516719096634":{"type":"item","settings":{"image":"shopify:\/\/shop_images\/JaredHaddock.jpg","title":"Jared Haddock","position":"Head of Creative","desc":"Sed ut perspiciatis unde omnis iste natus error sitaccusantium doloremque laudan totam rem aperiam.","fa_link":"https:\/\/www.facebook.com\/velatheme","tw_link":"https:\/\/www.facebook.com\/velatheme","in_link":"https:\/\/www.facebook.com\/velatheme","instagram_link":"#"}},"ac96d524-cc75-4205-9bdd-db74e511b11b":{"type":"item","settings":{"title":"","position":"","desc":"","fa_link":"","tw_link":"","in_link":"","instagram_link":""}},"16294a5f-527d-4ca6-a150-c482d0c81681":{"type":"item","settings":{"title":"","position":"","desc":"","fa_link":"","tw_link":"","in_link":"","instagram_link":""}},"66572490-f821-456f-a7ca-79b6f3c241bb":{"type":"item","settings":{"title":"","position":"","desc":"","fa_link":"","tw_link":"","in_link":"","instagram_link":""}}},"block_order":["1516719043817","1516719083012","1516719096634","ac96d524-cc75-4205-9bdd-db74e511b11b","16294a5f-527d-4ca6-a150-c482d0c81681","66572490-f821-456f-a7ca-79b6f3c241bb"],"settings":{"enable":true,"full_with":false,"color_bg":"rgba(0,0,0,0)","padding_block":"","title":"","subtitle":"","iconsize":"160x160"}},"vela-template-contact":{"type":"vela-template-contact","blocks":{"1553847589251":{"type":"item","settings":{"contact_title":"","contact_details":"<p>Nor again is there anyone who loves or pursues or desires to obtain pain of itself, because it is pain.no annoying consequences.<br><br><\/p>\n<p><\/p>\n<p><strong>Add:&nbsp;<\/strong> No 40 Baria Sreet 133\/2, NewYork<\/p>\n<p><strong>Phone:<\/strong>&nbsp; (399) 573 5586<\/p>\n<p><strong>Email:&nbsp;<\/strong> henry_84@example.com<\/p>\n<p><strong>Open:<\/strong>&nbsp; 8am - 7pm, Mon - Sat<\/p>\n<p><\/p>"}}},"block_order":["1553847589251"],"settings":{"googlemap_enable":true,"latitude":"45.420469","longitude":"-75.692782","zoom":12}},"vela-template-404":{"type":"vela-template-404","settings":{"search_form":true,"title":"404","subtitle":"Womp womp. Looks like we got a bit turned around.","description":"Sorry about that! We can't find the page you're looking for, so naturally we're assuming you want a dad joke instead: What would happen if pigs could fly? Don't even joke about that—the price of bacon would skyrocket.<bt><br><br>\nNot what you were looking for? Head to our home page or search the website below for tons of awesome, drool-worthy content!<\/bt>","btntext":"Back to home","btnlink":"\/"}},"vela-template-faq":{"type":"vela-template-faq","blocks":{"1516892502955":{"type":"faq","disabled":true,"settings":{"title":"Why hasn't my box shipped? When will it ship?","content":"When you place your order, you’re signing up for the coming month box. If you order at the beginning of the month, the first box will ship in time to arrive before the 1st of next month.\n\nOur main batch of boxes ship out to arrive at about the same time – the plan is that everyone gets to open the surprise without it being spoiled. If you order AFTER the 15th, you might get your box in a later group."}},"1516892549287":{"type":"faq","disabled":true,"settings":{"title":"How do the discounts work? What happens if I cancel?","content":"The discounts increase for every box you receive starting at 10%. You’ll receive 10% off of the first box, 12% off the second, and 15% off for the third box and every box that comes after that.\n\nThese discounts increase for every subscription box you receive, we’ll keep track of everything and you can skip boxes as you need to without the fear of resetting your discount back to the base 10%."}},"7536ebb2-0766-41ef-a54b-548c40487c46":{"type":"faq","disabled":true,"settings":{"title":"When will the subscription renew? When am I charged?","content":"Here’s the short and simple explanation: when you order you are signing up for the next month’s box, your subscription renews again on the 15th. Like, seriously, that’s it. If you order at the beginning, middle, or end of a month – you are signing up to get the next month’s Chow Club box. Sign up in September? Your first box will be the October box, and your subscription will renew on the 15th of October and each month thereafter.\n\nNote that your payment will be charged when you create your subscription. If you order on the 14th, you are charged on the 14th. If you order on the 20th, the 29th, the 4th, etc… you are charged on the day you order."}}},"block_order":["1516892502955","1516892549287","7536ebb2-0766-41ef-a54b-548c40487c46"],"settings":{"faq_full":false,"padding_faq":"","faq_color_bg":"#ffffff"}},"vela-password":{"type":"vela-password","settings":{"bgimage":"","header":"Coming Soon","countdown_timeend":"2020\/3\/31"}},"vela-template-blog":{"type":"vela-template-blog","settings":{"blog_template":"bloggrid","post_columns":"3","sidebar_template":"sidebarnone","post_limit":"6","blogsidebar_search_enable":true,"blogsidebar_recentarticles_enable":true,"blogsidebar_recentarticles_title":"Recent Articles","blogsidebar_recentarticles_limit":"6","sidebar_categories_enable":true,"sidebar_categories_title":"Categories","sidebar_categories_menu":"","blog_banner_enable":true,"blog_banner_link":"shopify:\/\/collections\/decoration","blogsidebar_tags_enable":true,"blogsidebar_tags_title":"Articles Tags","blogsidebar_tags_limit":"10"}},"vela-template-article":{"type":"vela-template-article","settings":{"sidebar_template":"sidebarright","article_featuredimage":true,"article_nav":false,"article_sharing":true,"article_tags":true,"blogsidebar_search_title":"","blogsidebar_search_enable":true,"sidebar_categories_enable":true,"sidebar_categories_title":"Categories","sidebar_categories_menu":"blog-categories","blogsidebar_recentarticles_enable":true,"blogsidebar_recentarticles_title":"Recent Articles","blogsidebar_recentarticles_limit":"4","blogsidebar_tags_enable":true,"blogsidebar_tags_title":"Popular Tags","blogsidebar_tags_limit":"10","blog_banner_enable":false,"blog_banner_link":"shopify:\/\/blogs\/news"}},"sidebarfilter":{"type":"sidebarfilter","settings":{"filter_by_tag":false,"filter_by_tag_title":"Filter by Flavor Profile","sidebar_filtervendor_enable":false,"sidebar_filtervendor_title":"","sidebar_filtervendor_list":"","sidebar_filtertype_enable":false,"sidebar_filtertype_title":"Filter By Flavor Profile","sidebar_filtertype_list":"Sweet Flavors,Savory Flavors"}},"vela-template-productdeal":{"type":"vela-template-productdeal","settings":{"full_with":false,"title":"","collection_handle":"","image_size":"370x370","limit":"8"}},"vela-template-portfolio":{"type":"vela-template-portfolio","settings":{"full_with":false,"noGutter":false,"portfolio_columns":"3","portfolio_limit":"12"}},"vela-about-text-feature":{"type":"vela-about-text-feature","blocks":{"1565798000040":{"type":"item","settings":{"featuretitle":"Our vision","featuredesc":"Many desktop publishing packages and web page editors now use Lorem Ipsum.","featureicon":""}},"1565798028591":{"type":"item","settings":{"featuretitle":"What we really do?","featuredesc":"Nam libero tempore, cum soluta nobis est eligendi optio cumque nihil impedit.","featureicon":""}},"1565798057088":{"type":"item","settings":{"featuretitle":"History of beginning","featuredesc":"Temporibus autem quibusdam et aut officiis debitis aut rerum necessitatibus saepe.","featureicon":""}}},"block_order":["1565798000040","1565798028591","1565798057088"],"settings":{"enable":true,"full":false,"color_bg":"rgba(0,0,0,0)","padding_block":"","title":""}},"vela-about-testimonial":{"type":"vela-about-testimonial","settings":{"enable":true,"full_with":false,"color_bg":"rgba(0,0,0,0)","bgimage":"","padding_block":""}},"vela-about-service":{"type":"vela-about-service","blocks":{"1600359937305":{"type":"item","settings":{"box_title":"25+ Years of Experience","box_desc":"Sed ut perspiciatis unde omnis iste natus error sit\naccusantium doloremque laudantium, totam rem aperiam, eaque\nipsa quae ab illo inventore veritatis."}},"1600360346501":{"type":"item","settings":{"box_title":"60,000+ Happy Customer","box_desc":"Sed ut perspiciatis unde omnis iste natus error sit\naccusantium doloremque laudantium, totam rem aperiam, eaque\nipsa quae ab illo inventore veritatis."}},"1600360361154":{"type":"item","settings":{"box_title":"Awesome Performance","box_desc":"Sed ut perspiciatis unde omnis iste natus error sit\naccusantium doloremque laudantium, totam rem aperiam, eaque\nipsa quae ab illo inventore veritatis."}},"1600360373318":{"type":"item","settings":{"box_title":"Impressive Design","box_desc":"Sed ut perspiciatis unde omnis iste natus error sit\naccusantium doloremque laudantium, totam rem aperiam, eaque\nipsa quae ab illo inventore veritatis."}}},"block_order":["1600359937305","1600360346501","1600360361154","1600360373318"],"settings":{"enable":true,"full_with":false,"color_bg":"rgba(0,0,0,0)","padding_block":"","iconsize":"75x65"}},"vela-template-lookbook":{"type":"vela-template-lookbook","blocks":{"1566732056133":{"type":"item","settings":{"product":"","lookbook":"image1","display":"bottomRight","coordsX":"600","coordsY":"400"}},"1566732895443":{"type":"item","settings":{"product":"","lookbook":"image1","display":"bottomRight","coordsX":"420","coordsY":"80"}},"1571903317276":{"type":"item","settings":{"product":"","lookbook":"image2","display":"topLeft","coordsX":"400","coordsY":"500"}},"1571903367755":{"type":"item","settings":{"product":"","lookbook":"image2","display":"topLeft","coordsX":"300","coordsY":"820"}},"1571903502408":{"type":"item","settings":{"product":"","lookbook":"image2","display":"topLeft","coordsX":"600","coordsY":"700"}},"1571903580183":{"type":"item","settings":{"product":"","lookbook":"image1","display":"topRight","coordsX":"300","coordsY":"600"}}},"block_order":["1566732056133","1566732895443","1571903317276","1571903367755","1571903502408","1571903580183"],"settings":{"full_with":false,"color_bg":"rgba(0,0,0,0)","padding_block":"","noGutter":false,"image1":"","image2":"","image3":"","image4":"","image5":"","image6":""}},"vela-collection-banner":{"type":"vela-collection-banner","blocks":{"1573540176993":{"type":"image","settings":{"bgimage":"shopify:\/\/shop_images\/valentines-banner-01.jpg","collection_handle":"valentines-collection"}},"1573541572906":{"type":"image","settings":{"collection_handle":""}},"1573611716978":{"type":"image","settings":{"collection_handle":""}}},"block_order":["1573540176993","1573541572906","1573611716978"],"settings":{"banner_enable":false,"collection_full":true}},"vela-template-notification":{"type":"vela-template-notification","settings":{"notification_enable":false,"bgimage_url":"","bgimage_collection_url":"","bgimage_product_url":"","bgimage_article_url":"","bgimage_page_url":""}},"sidebarprice":{"type":"sidebarprice","settings":{"sidebar_filterprice_enable":false,"sidebar_filterprice_title":"filter by price","sidebar_filterprice_btntext":"Filter","sidebar_filterprice_min":"0","sidebar_filterprice_max":"20","sidebar_filterprice_prefix":"$"}},"1598521054696":{"type":"vela-slideshow","blocks":{"1600221607626":{"type":"image","settings":{"content_color":"rgba(0,0,0,0)","position_content":true,"image":"shopify:\/\/shop_images\/Top_Down_Wider_71b1cb55-3d2b-434e-8bb8-f02dc32105e9.png","link":"","alignment":"text-left align-middle","text-alignment":"left","slides_effect":"topbottom","subheading":"","subheading_color":"#000000","title":"The world's tastiest health food","title_color":"#000000","title2":"","title2_color":"#535353","desc":"Complete, nutritional and affordable meal replacement - ultra-low carb with the ideal amount of protein, fiber and over 30 essential vitamins &amp; minerals.\n<br><br>\n<a class=\"btn\" href=\"https:\/\/ketochow.myshopify.com\/collections\/keto-chow-meals-sweet-flavors\">Shop Now<\/a>","desc_color":"#000000","reviews_hide":false,"reviews_color":"#000000","btn_text":"","btn_link":"","btn_padding":"","btn_text_color":"#000000","btn_border_color":"#1b1b1b","btn_bg_color":"#ffffff"}},"075fb610-dac5-43c4-a79d-41f434b00e61":{"type":"image","settings":{"content_color":"rgba(0,0,0,0)","position_content":true,"image":"shopify:\/\/shop_images\/LICORICE-BANNER-01-_1.png","link":"","alignment":"text-left align-middle","text-alignment":"left","slides_effect":"leftright","subheading":"","subheading_color":"#000000","title":"Let the great debate begin","title_color":"#000000","title2":"","title2_color":"#000000","desc":"Which flavor will come out on top? It's up to you to decide.\n<br><br>\n<a class=\"btn\" href=\"https:\/\/www.ketochow.xyz\/products\/black-licorice\" style=\"margin: 0px 10px 10px 0px\">#teamblacklicorice<\/a> <a href=\"https:\/\/www.ketochow.xyz\/products\/red-licorice-keto-chow\" class=\"btn\" style=\"margin: 0px 10px 10px 0px\">#teamredlicorice<\/a>","desc_color":"#000000","reviews_hide":false,"reviews_color":"#000000","btn_text":"","btn_link":"","btn_padding":"10px 30px","btn_text_color":"#ffffff","btn_border_color":"#000000","btn_bg_color":"#000000"}}},"block_order":["1600221607626","075fb610-dac5-43c4-a79d-41f434b00e61"],"settings":{"mobile_mode":false,"full_with":true,"color_bg":"#ffffff","padding_block":"0","margin_block":"0","navigation":true,"pagination":false,"autoplay":true,"autoplay_speed":"8000","image_size":"2000x750"}},"vela-testimonials":{"type":"vela-testimonials","blocks":{"1600246072042":{"type":"item","settings":{"avatar":"","name":"michel smith","position":"Web Developer","review":"Typi non habent claritatem insitam, est usus legentis in iis qui facit eorum claritatem. Investigationes demonstraverunt lectores legere me lius quod ii legunt saepius. Claritas est etiam processus dynamicus, qui sequitur mutationem consuetudium lectorum. Mirum est notare quam littera gothica."}},"1600246107247":{"type":"item","settings":{"avatar":"","name":"John doe","position":"Web Developer","review":"Typi non habent claritatem insitam, est usus legentis in iis qui facit eorum claritatem. Investigationes demonstraverunt lectores legere me lius quod ii legunt saepius. Claritas est etiam processus dynamicus, qui sequitur mutationem consuetudium lectorum. Mirum est notare quam littera gothica."}},"1600246208229":{"type":"item","settings":{"avatar":"","name":"John doe","position":"Web Developer","review":"Typi non habent claritatem insitam, est usus legentis in iis qui facit eorum claritatem. Investigationes demonstraverunt lectores legere me lius quod ii legunt saepius. Claritas est etiam processus dynamicus, qui sequitur mutationem consuetudium lectorum. Mirum est notare quam littera gothica."}}},"block_order":["1600246072042","1600246107247","1600246208229"],"settings":{"section_enable":true,"full_with":false,"color_bg":"rgba(0,0,0,0)","bgimage":"","padding_block":"40px 0","title":"","subtitle":"","limit":"8","navigation":true,"autoplay":false,"autoplay_timeout":"10000","column1":1,"column2":1,"column3":1,"column4":1,"column5":1,"size":"95x95"}},"vela-logolist":{"type":"vela-logolist","blocks":{"1600246311217":{"type":"image","settings":{"link":"shopify:\/\/collections\/frontpage","image":"shopify:\/\/shop_images\/logo_image1.png"}},"1600246330279":{"type":"image","settings":{"link":"shopify:\/\/collections\/feature-product","image":"shopify:\/\/shop_images\/logo_image2.png"}},"1600246346101":{"type":"image","settings":{"link":"shopify:\/\/collections\/men","image":"shopify:\/\/shop_images\/logo_image3.png"}},"1600246358839":{"type":"image","settings":{"link":"shopify:\/\/collections\/new-product","image":"shopify:\/\/shop_images\/logo_image4.png"}},"1600246373151":{"type":"image","settings":{"link":"","image":"shopify:\/\/shop_images\/logo_image5.png"}},"1600246385726":{"type":"image","settings":{"link":"shopify:\/\/collections\/women","image":""}}},"block_order":["1600246311217","1600246330279","1600246346101","1600246358839","1600246373151","1600246385726"],"settings":{"full_with":false,"color_bg":"rgba(0,0,0,0)","padding_block":"0 0 40px","navigation":true,"autoplay":false,"autoplay_timeout":"10000","column1":6,"column2":5,"column3":4,"column4":4,"column5":3}},"1600248099992":{"type":"vela-feature-text","blocks":{"1600251995907":{"type":"item","settings":{"featureicon":"shopify:\/\/shop_images\/shakes_starter_kit-sq.png","featureposition":"left","featureiconmaxwidth":"","mobileonly":false,"textalign":"","featureheading":"New to Keto Chow?","headingtag":"h3","color_heading":"#535353","featuretitle":"","color_subtitle":"#000000","featuredesc":"<p>The perfect way to see how awesome Keto Chow is. Sample some \nof our best-selling flavors, our electrolytes, and even get a Keto \nQuick Start Guide! Starting a low-carb or keto life has never been \neasier!\n<\/p>","color_description":"#535353","featurebutton":"Sign up today","featurelink":"shopify:\/\/collections\/deals-bundles","padding_item":"1% 10% 1% 10%","standardPadding":false,"responsivePadding":true,"bg_position":"center left","bg_size":"cover","desktoponly":false,"color_bg":"#fbebbe"}}},"block_order":["1600251995907"],"settings":{"enable":true,"full":true,"padding_block":""}},"vela-about-gallery":{"type":"vela-about-gallery","settings":{"enable":false,"full_with":false,"color_bg":"#ffffff","padding_block":"","effect":"effectNone"}},"1600765258111":{"type":"vela-logolist","disabled":true,"blocks":{"1600765258111-1":{"type":"image","settings":{"link":"","image":"shopify:\/\/shop_images\/KetoforNormies.jpg"}},"4e2d4c53-8746-4f31-ae6d-cd8ace20165f":{"type":"image","settings":{"link":"","image":"shopify:\/\/shop_images\/Today.jpg"}},"01169ab5-dfb5-4aab-ab2f-bdb27acc5a94":{"type":"image","settings":{"link":"","image":"shopify:\/\/shop_images\/LaTimes.jpg"}},"ceae789f-c317-4d03-941e-0c98b0b8c452":{"type":"image","settings":{"link":"","image":"shopify:\/\/shop_images\/Vice_bc6e4d3f-6fd4-44e6-a888-a174da03ced5.jpg"}},"8b57f1c0-233a-40ba-8036-d35df89cd5f5":{"type":"image","settings":{"link":"","image":"shopify:\/\/shop_images\/Today_480x_f6b0f5ca-a201-496a-9d5d-418f7844f5bb.jpg"}},"4d2df2c8-8914-4194-b01c-32862ab5336a":{"type":"image","settings":{"link":"","image":"shopify:\/\/shop_images\/forbes_10435263-d0a8-46e0-a2e5-1896ee5e506a.jpg"}},"1600765258111-2":{"type":"image","disabled":true,"settings":{"link":"https:\/\/www.ketochow.xyz\/2018\/12\/keto-chow-in-womens-world-magazine\/"}},"1600765258111-3":{"type":"image","disabled":true,"settings":{"link":""}},"1600765258111-0":{"type":"image","disabled":true,"settings":{"link":""}},"0525e8b4-9757-4273-b5bb-f9df799f4632":{"type":"image","disabled":true,"settings":{"link":""}}},"block_order":["1600765258111-1","4e2d4c53-8746-4f31-ae6d-cd8ace20165f","01169ab5-dfb5-4aab-ab2f-bdb27acc5a94","ceae789f-c317-4d03-941e-0c98b0b8c452","8b57f1c0-233a-40ba-8036-d35df89cd5f5","4d2df2c8-8914-4194-b01c-32862ab5336a","1600765258111-2","1600765258111-3","1600765258111-0","0525e8b4-9757-4273-b5bb-f9df799f4632"],"settings":{"full_with":false,"color_bg":"#ffffff","padding_block":"0% 0% 0% 0%","navigation":true,"autoplay":true,"autoplay_timeout":"10000","column1":6,"column2":4,"column3":4,"column4":4,"column5":2}},"1623364258a24e9d2b":{"type":"judgeme_carousel_section","settings":{"maxwidth":1920}},"vela-border":{"type":"vela-border","settings":{"full_with":false,"margin_block":"","padding_block":"","border_style":"solid","border_width":"1","border_color":"#cccccc"}},"vela-feature-text":{"type":"vela-feature-text","blocks":{"783d547b-7e19-41c5-8a77-a23a48da0145":{"type":"item","settings":{"featureicon":"shopify:\/\/shop_images\/large_leftmost_masonry_image_4_stack_2.jpg","featureposition":"left","featureheading":"","featuretitle":"","featuredesc":"<p style=\"text-align:left;\">Lorem ipsum dolor sit amet, consectetur adipiscing elit, sed do eiusmod tempor incididunt ut labore et dolore magna aliqua. Ut enim ad minim veniam, quis nostrud exercitation ullamco laboris nisi ut aliquip ex ea commodo consequat. Duis aute irure dolor in reprehenderit in voluptate velit esse cillum dolore eu fugiat nulla pariatur. Excepteur sint occaecat cupidatat non proident, sunt in culpa qui officia deserunt mollit anim id est laborum.\n<br><br>\nLorem ipsum dolor sit amet, consectetur adipiscing elit, sed do eiusmod tempor incididunt ut labore et dolore magna aliqua. Ut enim ad minim veniam, quis nostrud exercitation ullamco laboris nisi ut aliquip ex ea commodo consequat. Duis aute irure dolor in reprehenderit in voluptate velit esse cillum dolore eu fugiat nulla pariatur. Excepteur sint occaecat cupidatat non proident, sunt in culpa qui officia deserunt mollit anim id est laborum.<\/p>","featurebutton":"Link Here"}}},"block_order":["783d547b-7e19-41c5-8a77-a23a48da0145"],"settings":{"enable":true,"full":true,"padding_block":"0% 14%"}},"vela-services":{"type":"vela-services","blocks":{"5d987efb-85a0-4f5f-8035-f67d0517f7fe":{"type":"Icon","settings":{"icon":"shopify:\/\/shop_images\/gravity.png","box_title":"Header","box_desc":"Try our Macro Nutrients Calculator","box_text_link":"Go to the calculator","box_url":"#"}},"0785b64c-fd7a-4ead-85b5-f329fa54f3fd":{"type":"Icon","settings":{"icon":"shopify:\/\/shop_images\/notebook.png","box_title":"Header","box_desc":"Try our Meal Plans","box_text_link":"Go to Meal Plans"}},"beb77392-ee18-426e-8568-3fb2a1c8b507":{"type":"Icon","settings":{"icon":"shopify:\/\/shop_images\/experiments.png","box_title":"Header","box_desc":"Shop Keto Chow Powders","box_text_link":"Shop Now"}}},"block_order":["5d987efb-85a0-4f5f-8035-f67d0517f7fe","0785b64c-fd7a-4ead-85b5-f329fa54f3fd","beb77392-ee18-426e-8568-3fb2a1c8b507"],"settings":{"full_with":true,"color_bg":"#ffffff","padding_block":"0% 14%","class":"col-xs-12 col-sm-4","iconsize":"65x45","avata_position":"top"}},"judgeme_carousel_section":{"type":"judgeme_carousel_section","settings":{"maxwidth":1920}},"KCpowder-product-template":{"type":"KCpowder-product-template","settings":{"product_bg_color":"#ffffff","prodetail_style":"detail_style1","product_available_enable":true,"product_type_enable":false,"product_vendor_enable":false,"product_sku_enable":false,"product_countdown_enable":false,"image_size":"800x800","product_zoom_enable":false,"product_scroll_zoom":false,"product_zoom_type":"window","product_zoom_width":"500","product_zoom_height":"600","product_lens_size":"200","product_lens_type":"square","product_collection_enable":false,"product_collection_title":"","product_coll_limit":6,"product_short_description":"yes","product_tab_type":"protab","product_tab1_enable":true,"product_tab1_title":"Details","product_tab2_enable":true,"product_tab2_title":"How to use","product_tab2_content":"<h4>How to make Keto Chow:<\/h4>\n<br>\n<h5>1. ADD FAT SOURCE<\/h5>\n<p>Add heavy cream, melted butter, oil… whatever fat source you like into a 20oz Blender Bottle. This is where you can customize the amount for your particular calorie needs. <a href=\"https:\/\/info.ketochow.xyz\/macro-calculator\" target=\"_blank\">Try our calculator here to see how much fats you need.<\/a><\/p>\n\n<br>\n<h5>2. ADD KETO CHOW POWDER<\/h5>\n<p>Either one packet (single-serve) or one scoop (bulk meal bag).<\/p>\n\n<br>\n<h5>3. ADD WATER<\/h5>\n<p>Add 14oz warm water (or up to the 20 oz line)… and shake!<\/p>\n\n<br>\n<h5>4. SHAKE & ENJOY!<\/h5>\n<p>Or refrigerate for 30 mins or even overnight to bring out more flavor<\/p>\n\n<br>\n<h5>\n<a href=\"https:\/\/info.ketochow.xyz\/prepare\" target=\"_blank\">What fat sources can I use? →<\/a>\n<\/h5>","product_tab3_enable":true,"product_tab3_title":"What is keto?","product_tab3_content":"<h4>What is “Keto”?<\/h4>\n<p>If carbohydrates are available, your body will burn that first. If carbs are not available, your body will burn fat & your fat stores!\n\n“Keto” (scientifically known as “Nutritional Ketosis” but usually referred to as just “keto” or a “ketogenic diet”) involves restricting your diet to moderate protein, very low carbohydrates and high fat. It’s similar to the the Atkins diet, but with more solid science.\n\nWhen you are consuming enough protein to keep muscles happy, restricting carbohydrates as low as possible and making up the rest of your calories in fat, your body switches into a fat burning mode. Your liver will begin converting fats into energy molecules known technically as “ketone bodies” – which is where the name of the diet comes from.\n\nPeople end up with MORE energy and vitality on a ketogenic diet. Muscle cells are finally gaining energy instead of all the fuel getting stored away in fat cells because of insulin, specifically insulin resistance.<\/p>\n<br>\n<h5>\n<a href=\"https:\/\/info.ketochow.xyz\/what-is-keto\/\" target=\"_blank\">Keep Reading →<\/a>\n<\/h5>","product_tab4_enable":false,"product_tab4_title":"Reviews","dynamic_check_enable":false,"buyit_check_enable":false,"product_social_enable":false,"product_social_title":"","product_social_facebook_enable":false,"product_social_twitter_enable":false,"product_social_linkedin_enable":false,"product_social_pinterest_enable":false,"product_related_enable":false,"product_related_title":"You may also like","product_related_subtitle":"","product_related_limit":"4"}},"1625603117cff75d5c":{"type":"vela-services","blocks":{"c40b3e6b-646f-432e-a773-e19e49f1394b":{"type":"Icon","settings":{"icon":"shopify:\/\/shop_images\/pyramid_-_sq_pt.png","box_title":"Complete nutrition","box_desc":"","box_text_link":"","box_url":""}},"4f7a9f6f-afdc-40f6-abe4-78fecf663ca4":{"type":"Icon","settings":{"icon":"shopify:\/\/shop_images\/money_-_sq_pt2.png","box_title":"Save Money","box_desc":"","box_text_link":"","box_url":""}},"c6c03fa7-f03c-4b62-a17c-4cfe8638747a":{"type":"Icon","settings":{"icon":"shopify:\/\/shop_images\/time_-_sq_pt.png","box_title":"Fast Preparation","box_desc":"","box_text_link":"","box_url":""}},"d1089ef3-3557-4770-995f-77fed6d4ba6d":{"type":"Icon","settings":{"icon":"shopify:\/\/shop_images\/taste_-_sq_pt.png","box_title":"Tastebud Approved","box_desc":"","box_text_link":"","box_url":""}},"32576e61-a49a-45e9-be2a-1c19f8f779d1":{"type":"Icon","disabled":true,"settings":{"icon":"shopify:\/\/shop_images\/like_-_sq_pt.png","box_title":"Makes Keto Easy","box_desc":"No more counting calories or complicated recipes.","box_text_link":"","box_url":""}},"312a68ac-53dd-45d2-ab93-704ec8bda48c":{"type":"Icon","disabled":true,"settings":{"icon":"shopify:\/\/shop_images\/list_-_sq_pt.png","box_title":"Custom built for you","box_desc":"<small>Customize your shake with your choice of fats to better control your calorie intake and other macros.<\/small>","box_text_link":"","box_url":""}},"23a76448-d010-4553-a1e3-878935a4fb3c":{"type":"Icon","disabled":true,"settings":{"icon":"shopify:\/\/shop_images\/Scale_Icon-01-01_6b54f8ca-68fa-464a-9d8a-47b97abed6c7.png","box_title":"Healthy Weight","box_desc":"","box_text_link":"","box_url":""}},"802d2d2f-84b6-43f8-94f0-650799cbb204":{"type":"Icon","settings":{"icon":"shopify:\/\/shop_images\/Brain_Icon-01-01_1bfc9378-af4e-4792-8c63-f8f31f13d6ff.png","box_title":"Mental Clarity","box_desc":"","box_text_link":"","box_url":""}},"af585590-9faa-4d8a-8e43-4e2b835146fc":{"type":"Icon","settings":{"icon":"shopify:\/\/shop_images\/Joint_Icon-01-01_9b092a12-c139-4283-aaf0-bccfce41b352.png","box_title":"Reduced Inflammation","box_desc":"","box_text_link":"","box_url":""}}},"block_order":["c40b3e6b-646f-432e-a773-e19e49f1394b","4f7a9f6f-afdc-40f6-abe4-78fecf663ca4","c6c03fa7-f03c-4b62-a17c-4cfe8638747a","d1089ef3-3557-4770-995f-77fed6d4ba6d","32576e61-a49a-45e9-be2a-1c19f8f779d1","312a68ac-53dd-45d2-ab93-704ec8bda48c","23a76448-d010-4553-a1e3-878935a4fb3c","802d2d2f-84b6-43f8-94f0-650799cbb204","af585590-9faa-4d8a-8e43-4e2b835146fc"],"settings":{"full_with":true,"color_bg":"#ffffff","padding_block":"0% 10%","standardpadding":false,"responsivepadding":true,"class":"col-xs-6 col-sm-2","iconsize":"55% x 55%","avata_position":"top"}},"KCpowder-savory-product-template":{"type":"KCpowder-savory-product-template","settings":{"product_bg_color":"#ffffff","prodetail_style":"detail_style1","product_available_enable":true,"product_type_enable":false,"product_vendor_enable":false,"product_sku_enable":false,"product_countdown_enable":false,"image_size":"480x480","product_zoom_enable":false,"product_scroll_zoom":false,"product_zoom_type":"window","product_zoom_width":"500","product_zoom_height":"600","product_lens_size":"200","product_lens_type":"square","product_collection_enable":false,"product_collection_title":"","product_coll_limit":6,"product_short_description":"yes","product_tab_type":"protab","product_tab1_enable":true,"product_tab1_title":"Details","product_tab2_enable":true,"product_tab2_title":"What is keto?","product_tab2_content":"<h4>What is “Keto”?<\/h4>\n<p>If carbohydrates are available, your body will burn that first. If carbs are not available, your body will burn fat & your fat stores!\n\n“Keto” (scientifically known as “Nutritional Ketosis” but usually referred to as just “keto” or a “ketogenic diet”) involves restricting your diet to moderate protein, very low carbohydrates and high fat. It’s similar to the the Atkins diet, but with more solid science.\n\nWhen you are consuming enough protein to keep muscles happy, restricting carbohydrates as low as possible and making up the rest of your calories in fat, your body switches into a fat burning mode. Your liver will begin converting fats into energy molecules known technically as “ketone bodies” – which is where the name of the diet comes from.\n\nPeople end up with MORE energy and vitality on a ketogenic diet. Muscle cells are finally gaining energy instead of all the fuel getting stored away in fat cells because of insulin, specifically insulin resistance.<\/p>\n<br>\n<h5>\n<a href=\"https:\/\/peetprotecc.com\/what-is-keto\/\" target=\"_blank\">Keep Reading →<\/a>\n<\/h5>","product_tab3_enable":true,"product_tab3_title":"Nutritional Facts","product_tab3_content":"<div class=\"col-xs-12 col-sm-12 col-md-5\"><img src=\"https:\/\/cdn.shopify.com\/s\/files\/1\/0035\/7810\/1873\/t\/4\/assets\/Beef-nutrition-label-1200x1632.png?v=1626411811\" style=\"max-height:500px;\"><\/div><div class=\"col-xs-12 col-sm-12 col-md-7\">\n<h4>Ingredients<\/h4>\n<small><b>Powdered Beef Protein, Powdered Beef Bone Broth, Acacia Gum, Salt, Potassium Chloride, Calcium Phosphate, Magnesium Malate, Xanthan Gum, Potassium Citrate, Choline L-Bitartrate, Vitamin Blend<\/b> (Ascorbic Acid [C], Vitamin A Palmitate, Cholecalciferol [D3], D-Alpha Tocopherol Acetate [E], Niacinamide [B3], Zinc Gluconate, D-Calcium Pantothenate [B5], Ferrous Gluconate [Iron], Manganese Amino Acid Chelate, Copper Gluconate, Pyridoxal 5 phosphate [B6], Riboflavin [B2], Thiamine [B1], Potassium Iodide, 5-Methyltetrahydrofolate [Folate\/B9], Lutein, Lycopene, D-Biotin, Chromium Picolinate, Selenium Amino Acid Chelate, Menaquinonem [K2], Molybdenum Amino Acid Chelate, Vanadium Amino Acid Chelate, Methylcobalamin [B12]).\n<br><br>\n<b>Specific flavors also contain: Powdered Tomato, Paprika Oleoresin (color), Natural Flavors, Canola Oil (<0.1g in the flavoring), Sunflower Oil (<0.1g in the flavoring).<\/b>\n<br><br>\n<i>Contains no dairy nor sweeteners, natural or otherwise.<\/i>\n<\/small>\n<br><br>\n<h5>\n<a href=\"https:\/\/peetprotecc.com\/nutrition\" target=\"_blank\">Learn More →<\/a>\n<\/h5>\n<\/div>","product_tab4_enable":false,"product_tab4_title":"Reviews","dynamic_check_enable":false,"buyit_check_enable":false,"product_social_enable":false,"product_social_title":"","product_social_facebook_enable":false,"product_social_twitter_enable":false,"product_social_linkedin_enable":false,"product_social_pinterest_enable":false,"product_related_enable":false,"product_related_title":"","product_related_subtitle":"","product_related_limit":""}},"custom-Product-ingredient-list":{"type":"custom-Product-ingredient-list","settings":{"ingredient_section_enabled":true,"full_withd":true,"padding_block":"7% 10%","margin_block":"0% 0% 7% 0%","color_bg":"#f7f7f7","ingred_title":"Know what's in your Chow","ingred_desc":"We have the highest standards for the ingredients we use in Keto Chow, making sure you get the delicious taste you deserve and the nutrition your body needs."}},"curatedByobIntroSection":{"type":"curatedByobIntroSection","settings":{"intro_section_enabled":false,"full_width":true,"padding_intro":"10% 10% 2% 10%","margin_intro":"","intro_color_bg":"#f7f7f7","intro_title":"A curated subscription box of our favorite Keto Chow products","intro_desc":"The easiest and most affordable way to keep your Keto Chow corner stocked! Choose the 30 Meal or 60 Meal option and receive early access to new Keto Chow flavors, plus bonus surprise items–all starting at a 10% discount, plus free shipping. When you join, you're signing up to receive the coming month's box, join before the 1st to avoid waiting for next month!","introbutton":"Join the Club","introlink":"#shopify-section-curatedByobProductDetails","introImage":"shopify:\/\/shop_images\/curBox-sm.png"}},"curatedByobProductDetails":{"type":"curatedByobProductDetails","settings":{"byob_full":true,"padding_var":"10% 2%","margin_var":"","var_color_bg":"#ffffff","var_title":"Choose your size","var_desc":"<p>Each Surprise Kit includes a curated surprise assortment of Keto Chow powder flavors, the 5 recipe cards for that month, and may include seasonal, limited-edition. or even brand-new flavors.<\/p><br>","var_dis":"","padding_dis":"0% 10%"}},"curatedByobPerksSection":{"type":"curatedByobPerksSection","blocks":{"a94a9489-70a8-4dc7-9f14-f414b3ba2e99":{"type":"Icon","settings":{"perkicon":"shopify:\/\/shop_images\/shipperk.jpg","perk_title":"Free Shipping","perk_desc":"Free Shipping within the USA"}},"41ff581f-b91b-4691-a3d3-1553d5ca0313":{"type":"Icon","settings":{"perkicon":"shopify:\/\/shop_images\/recipeperk.jpg","perk_title":"Exclusive recipe cards","perk_desc":"Chef-Curated Recipes & Recipe Cards"}},"15c1fd7c-84de-4998-aeba-8325683c6e29":{"type":"Icon","settings":{"perkicon":"shopify:\/\/shop_images\/accessperk.jpg","perk_title":"First access to new flavors","perk_desc":"Occasional NEW Flavor Early Release"}},"1b728358-1e4a-4f0d-9e35-37d5042f39db":{"type":"Icon","settings":{"perkicon":"shopify:\/\/shop_images\/percentbig.jpg","perk_title":"Save more with every order!","perk_desc":"with increasing discounts the longer you're subscribed."}}},"block_order":["a94a9489-70a8-4dc7-9f14-f414b3ba2e99","41ff581f-b91b-4691-a3d3-1553d5ca0313","15c1fd7c-84de-4998-aeba-8325683c6e29","1b728358-1e4a-4f0d-9e35-37d5042f39db"],"settings":{"perks_section_enabled":false,"perks_full":true,"padding_perks":"5% 10% 2% 10%","perks_color_bg":"#f7f7f7","perks_title":"Chow Club Perks","perks_desc":"","padding_textperks":"","perkiconsize":"65x65","perk_position":"top","perksclass":"col-xs-12 col-sm-3"}},"curatedByobPerksBanner":{"type":"curatedByobPerksBanner","settings":{"banner_section_enabled":false,"bannerbox_full":true,"padding_bannerbox":"0% 10% 20%10%","bannerbox_color_bg":"#f7f7f7","banner_color_bg":"#8fd0cc","bannerclass":"col-s-12 col-md-6","banner_title":"Save more with every order!","banner_desc":"With increasing discounts each time your subscription renews, you save more the longer you're subscribed!","banner_text_color":"#ffffff"}},"nutrientsProductTemplate":{"type":"nutrientsProductTemplate","settings":{"product_bg_color":"#ffffff","prodetail_style":"detail_style1","product_available_enable":true,"product_type_enable":false,"product_vendor_enable":false,"product_sku_enable":false,"product_countdown_enable":false,"image_size":"800x800","product_zoom_enable":false,"product_scroll_zoom":false,"product_zoom_type":"window","product_zoom_width":"500","product_zoom_height":"600","product_lens_size":"200","product_lens_type":"square","product_collection_enable":false,"product_collection_title":"","product_coll_limit":6,"product_short_description":"yes","product_tab_type":"protab","product_tab1_enable":true,"product_tab1_title":"Details","product_tab2_enable":true,"product_tab2_title":"Directions","product_tab2_content":"<div class=\"rowFlex rowFlexMargin flexAlignCenter col-md-12 col-xs-12\" style=\"margin-bottom:5%;\">\n<div class=\"col-xs-12 col-sm-12 col-md-6\">\n<h3>Drops:<\/h3>\n<p>The lid of the pocket flask doubles as a measuring device. The full lid is 1\/2 teaspoon and is equivalent to one serving. When using a full cap diluted in 32oz of water, most people cannot taste the drops. However, you can use as much as you’d like as often as you feel you need.<\/p>\n<\/div>\n<div class=\"col-xs-12 col-sm-12 col-md-6 txtcnt\">\n<img src=\"https:\/\/cdn.shopify.com\/s\/files\/1\/0023\/8721\/4434\/t\/15\/assets\/pf-92699288--Lid-Measuring.png?v=1594330836\" style=\"max-width:75%;\">\n<\/div>\n<\/div>\n\n<div class=\"rowFlex rowFlexMargin flexAlignCenter col-md-12 col-xs-12\">\n<div class=\"col-xs-12 col-sm-12 col-md-12\">\n<h3>Electrolyte Tablets:<\/h3>\n<p>Our ingredients are clean and healthy, because of this, we recommend people take as much as they feel their body <b>needs<\/b> (we know, that's a bit of a nebulous answer, it's a lot like suggesting a shoe size to a person - they need what fits THEM!). We typically take 2-4 per day, as needed.<\/p>\n<\/div>\n<\/div>","product_tab3_enable":true,"product_tab3_title":"About Electrolytes","product_tab3_content":"<img src=\"https:\/\/cdn.shopify.com\/s\/files\/1\/0023\/8721\/4434\/t\/15\/assets\/pf-bfac29ef--FastingDropsInsertFront.png?v=1594327475\"><br><br><br>\n<h4>What the experts are saying:<\/h4>\n<iframe width=\"555\" height=\"312\" src=\"https:\/\/www.youtube.com\/embed\/Xg0KtiLXv1k\" title=\"YouTube video player\" frameborder=\"0\" allow=\"accelerometer; autoplay; clipboard-write; encrypted-media; gyroscope; picture-in-picture\" allowfullscreen><\/iframe>","product_tab4_enable":false,"product_tab4_title":"Reviews","dynamic_check_enable":false,"buyit_check_enable":false,"product_social_enable":false,"product_social_title":"","product_social_facebook_enable":false,"product_social_twitter_enable":false,"product_social_linkedin_enable":false,"product_social_pinterest_enable":false,"product_related_enable":false,"product_related_title":"","product_related_subtitle":"","product_related_limit":""}},"nutrientFactsSection":{"type":"nutrientFactsSection","settings":{"nutr_section_enabled":true,"nutr_full":true,"padding_nutr":"5% 10%","margin_nutr":"2% 0% 10% 0%","nutr_color_bg":"#f7f7f7","nutr_title":"Nutritional Info","nutr_desc":"We have the highest standards for the ingredients we use in Keto Chow products, making sure you get the nutrition your body needs."}},"16412608282450dd99":{"type":"vela-feature-text","blocks":{"d4bce67b-c456-486a-a29f-f57a682847cf":{"type":"item","settings":{"featureicon":"shopify:\/\/shop_images\/sub_box.png","featureposition":"right","featureiconmaxwidth":"","mobileonly":false,"textalign":"","featureheading":"My Choice, <span style=\"text-transform:lowercase;\">my<\/span>Chow","headingtag":"h3","color_heading":"#535353","featuretitle":"","color_subtitle":"#ffffff","featuredesc":"<p>With the myChow kit subscription you get the easiest possible way to \ngo low-carb or keto! Your favorite meals on your doorstep right when \nyou need them. \n(Enjoy our biggest discount with the myChow Surprise Kit!)<\/p>","color_description":"#4b4d52","featurebutton":"Subscribe Now","featurelink":"shopify:\/\/pages\/chooseyourkit","padding_item":"1% 0% 1% 10%","standardPadding":false,"responsivePadding":true,"bg_image":"shopify:\/\/shop_images\/teal_bg.png","bg_position":"center center","bg_size":"cover","desktoponly":false,"color_bg":"#90cfcc"}}},"block_order":["d4bce67b-c456-486a-a29f-f57a682847cf"],"settings":{"enable":true,"full":true,"padding_block":""}},"1641262652ada89610":{"type":"vela-feature-text","blocks":{"1390678b-9914-4bc2-93dd-fddd84076997":{"type":"item","settings":{"featureicon":"shopify:\/\/shop_images\/cropped_hand.png","featureposition":"left","featureiconmaxwidth":"100%","mobileonly":false,"textalign":"left","featureheading":"The easy way to keto","headingtag":"h3","color_heading":"#4b4d52","featuretitle":"","color_subtitle":"#ffffff","featuredesc":"<p>When it tastes great, keeps you full longer, is easy to grab-n-go, \nand comes in over 30 flavors ... sticking with your goals gets \nmuch, much easier.<\/p>","color_description":"#797676","featurebutton":"Get yours","featurelink":"shopify:\/\/collections\/keto-chow","padding_item":"2% 5% 2% 0%","standardPadding":false,"responsivePadding":true,"bg_position":"","bg_size":"","desktoponly":false,"color_bg":"#fbebbe"}}},"block_order":["1390678b-9914-4bc2-93dd-fddd84076997"],"settings":{"enable":true,"full":true,"padding_block":"0"}},"164246068216c583d5":{"type":"vela-html","settings":{"full_with":true,"color_bg":"#dde4b6","padding_block":"0% 10% 2% 10%","responsivepadding":false,"maxWidth_block":false,"reviews_enable":true,"title":"","subtitle":"","content":"<div style=\"text-align:center;\">\n<p>Our shakes are sculpted to be the perfect healthy meal. Make your low-carb or keto life easy.<\/p>\n<br>\n<a class=\"btn\" src=\"https:\/\/www.ketochow.xyz\/collections\/keto-chow\">Shop All Flavors<\/a>\n<\/div>"}},"1642461784347aa295":{"type":"vela-testimonials","blocks":{"1642461784347aa295-0":{"type":"item","settings":{"name":"Keri L.","nametag":"h5","position":"","review":"\"How is this so delicious?!! You’d never guess there was something healthy going on here!\"","reviewtag":"h3"}},"1642461784347aa295-1":{"type":"item","settings":{"name":"Sean G.","nametag":"h5","position":"","review":"\"Its the healthiest meal I've ever had but it drinks like a dessert!\"","reviewtag":"h3"}},"3a2f843e-be80-472e-92af-0413c03ea185":{"type":"item","settings":{"name":"2 Krazy Ketos","nametag":"h5","position":"","review":"\"All the flavors are incredible, despite being only 1-3 carbs per meal.\"","reviewtag":"h3"}},"5014a076-d73a-4f79-8707-ae30738477f2":{"type":"item","settings":{"name":"Dr. Kurt W.","nametag":"h5","position":"","review":"\"No way I would get this many nutrients on a normal diet!\"","reviewtag":"h3"}}},"block_order":["1642461784347aa295-0","1642461784347aa295-1","3a2f843e-be80-472e-92af-0413c03ea185","5014a076-d73a-4f79-8707-ae30738477f2"],"settings":{"section_enable":true,"full_with":true,"color_bg":"rgba(0,0,0,0)","bgimage":"shopify:\/\/shop_images\/pink_bg_cropped_-_2nd_colors.png","bg_position":"center left","bg_size":"cover","padding_block":"10%","title":"","subtitle":"","limit":"8","navigation":true,"autoplay":false,"autoplay_timeout":"10000","column1":1,"column2":1,"column3":1,"column4":1,"column5":1,"size":"0x0"}},"16424635152016268f":{"type":"vela-html","settings":{"full_with":false,"color_bg":"#f7f2ec","padding_block":"6% 10% 3% 10%","responsivepadding":false,"maxWidth_block":true,"reviews_enable":true,"title":"","subtitle":"","content":"<div style=\"text-align:center;\">\n<h3 style=\"margin-top:-1%;\">Stay healthy when you’re on-the-go<\/h3>\n<p>We make keto easy for us \"regular\" people – those who may not have \ntime to spend hours meal prepping every day but want to \ncare for our health ... AND our tastebuds.<\/p>\n<br>\n<a href=\"\/collections\/keto-chow\" class=\"btn\">Shop Now<\/a>\n<p style=\"padding-top:10px;\"><a href=\"#\" style=\"text-decoration:underline;\">100% Risk-Free Guarantee<\/a><\/p>\n<\/div>"}},"164246395757bfd8de":{"type":"vela-gallery-image","blocks":{"b462f366-56ea-4276-8a86-d6bcb424a8f8":{"type":"item","settings":{"image":"shopify:\/\/shop_images\/cust1_2x_f0152734-f445-416f-8573-7d406fee243d.png","link":"","imagetext":""}},"7cc56f57-5683-42a3-991c-06c195fd3a05":{"type":"item","settings":{"image":"shopify:\/\/shop_images\/cust2_2x_d08690b9-99a9-4024-8494-acdaef43d0f9.png","link":"","imagetext":""}},"05c1acc2-93f3-4a97-ad8f-96c59c37ae32":{"type":"item","settings":{"image":"shopify:\/\/shop_images\/cust3_2x_8f20a81d-490f-4879-9a38-eb8fd769e3e6.png","link":"","imagetext":""}},"9a44ecec-f801-4943-8656-a260df3f4dc7":{"type":"item","settings":{"image":"shopify:\/\/shop_images\/cust4_2x_e5fca0bd-4400-4ab1-a983-941be99ac194.png","link":"","imagetext":""}},"310c8e9c-1225-4149-aa34-c54c3dd37961":{"type":"item","settings":{"image":"shopify:\/\/shop_images\/cust_5_2x_81325b5f-1be4-49e0-b7f9-cc9aff08ebea.png","link":"","imagetext":""}},"86a546bf-e442-4ff2-a9f7-cd804ff7d45e":{"type":"item","settings":{"image":"shopify:\/\/shop_images\/cust6_2x_e8ef5584-b7cd-4f84-9b04-919e511dec26.png","link":"","imagetext":""}}},"block_order":["b462f366-56ea-4276-8a86-d6bcb424a8f8","7cc56f57-5683-42a3-991c-06c195fd3a05","05c1acc2-93f3-4a97-ad8f-96c59c37ae32","9a44ecec-f801-4943-8656-a260df3f4dc7","310c8e9c-1225-4149-aa34-c54c3dd37961","86a546bf-e442-4ff2-a9f7-cd804ff7d45e"],"settings":{"full_with":true,"noGutter":false,"color_bg":"#f7f2ec","padding_block":"2%","responsivePading":false,"headingtags":"h2","title":"","subtitle":"","enablelinks":false,"effect":"effectNone","popup_image":false,"carousel_enable":true,"navigation":true,"autoplay":false,"autoplay_timeout":"10000","column1":6,"column2":4,"column3":3,"column4":2,"column5":2}},"16437423687a1947a5":{"type":"vela-gallery-image","blocks":{"2e7b77c3-9d46-4e1c-aa24-0bf7baedfb81":{"type":"item","settings":{"image":"shopify:\/\/shop_images\/applePie.png","link":"shopify:\/\/products\/apple-pie-keto-chow","imagetext":"<br>\n<h6>Apple Pie<\/h6>"}},"7776133b-daa9-4f65-affc-339f25bb793f":{"type":"item","settings":{"image":"shopify:\/\/shop_images\/Banana.png","link":"shopify:\/\/products\/keto-chow-banana","imagetext":"<br>\n<h6>Banana<\/h6>"}},"c5559f53-beed-4a61-a404-4c0a2d9ad1ae":{"type":"item","settings":{"image":"shopify:\/\/shop_images\/C_C.png","link":"shopify:\/\/products\/keto-chow-cc","imagetext":"<br>\n<h6>Cookies &amp; Cream<\/h6>"}},"a920f06d-16ee-488d-919b-c8140b27c7a6":{"type":"item","settings":{"image":"shopify:\/\/shop_images\/caramelMacchiato.png","link":"shopify:\/\/products\/caramel-macchiato-keto-chow","imagetext":"<br>\n<h6>Caramel Macchiato<\/h6>"}},"4967ad75-4656-4753-8f5f-59ec42510176":{"type":"item","settings":{"image":"shopify:\/\/shop_images\/Chocolate.png","link":"shopify:\/\/products\/keto-chow-chocolate","imagetext":"<br>\n<h6>Chocolate<\/h6>"}},"4cb6331e-d45d-4602-93d6-ffd290cd0c16":{"type":"item","settings":{"image":"shopify:\/\/shop_images\/chocolateMint.png","link":"shopify:\/\/products\/keto-chow-chocolate-mint","imagetext":"<br>\n<h6>Chocolate Mint<\/h6>"}},"4f658f72-cb59-4b57-9f5c-f50f1f29eb97":{"type":"item","settings":{"image":"shopify:\/\/shop_images\/chocoPNut.png","link":"shopify:\/\/products\/keto-chow-chocolate-peanut-butter","imagetext":"<br>\n<h6>Chocolate Peanut Butter<\/h6>"}},"12bed89b-5429-4fa6-b622-b58a159d975a":{"type":"item","settings":{"image":"shopify:\/\/shop_images\/chocoToffee.png","link":"shopify:\/\/products\/keto-chow-chocolate-toffee","imagetext":"<br>\n<h6>Chocolate Toffee<\/h6>"}},"f3c6ee46-b34c-4c91-9c9c-a752b4dae1e5":{"type":"item","settings":{"image":"shopify:\/\/shop_images\/Eggnog.png","link":"shopify:\/\/products\/keto-chow-eggnog","imagetext":"<br>\n<h6>Eggnog<\/h6>"}},"ce64951e-f788-4420-bb41-4a91d74404ac":{"type":"item","settings":{"image":"shopify:\/\/shop_images\/gingerbread-correct_framing.png","link":"shopify:\/\/products\/gingerbread-keto-chow","imagetext":"<br>\n<h6>Gingerbread<\/h6>"}},"785d54c8-5e65-4943-94f8-62100654ddbe":{"type":"item","settings":{"image":"shopify:\/\/shop_images\/guavaGrapefruit.png","link":"shopify:\/\/products\/guava-grapefruit","imagetext":"<br>\n<h6>Guava Grapefruit<\/h6>"}},"74af804c-ade7-455c-998d-fd1ac00bec76":{"type":"item","settings":{"image":"shopify:\/\/shop_images\/irishCream.png","link":"shopify:\/\/products\/irish-cream-keto-chow","imagetext":"<br>\n<h6>Irish Cream<\/h6>"}},"ad1b86eb-7e3c-416b-8c32-a040fcef7e08":{"type":"item","settings":{"image":"shopify:\/\/shop_images\/Lemon.png","link":"shopify:\/\/products\/keto-chow-lemon-meringue","imagetext":"<br>\n<h6>Lemon Meringue<\/h6>"}},"06dc2d41-2722-4bda-9c58-310ef6623f56":{"type":"item","settings":{"image":"shopify:\/\/shop_images\/Lime.png","link":"shopify:\/\/products\/key-lime","imagetext":"<br>\n<h6>Key Lime<\/h6>"}},"1234f274-9367-4d07-b863-be341bc9254a":{"type":"item","settings":{"image":"shopify:\/\/shop_images\/Mocha.png","link":"shopify:\/\/products\/keto-chow-mocha","imagetext":"<br>\n<h6>Mocha<\/h6>"}},"fb37f16b-d0ff-4ca8-a689-9e335ef006e9":{"type":"item","settings":{"image":"shopify:\/\/shop_images\/Pumpkin.png","link":"shopify:\/\/products\/keto-chow-pumpkin","imagetext":"<br>\n<h6>Pumpkin Spice Caramel<\/h6>"}}},"block_order":["2e7b77c3-9d46-4e1c-aa24-0bf7baedfb81","7776133b-daa9-4f65-affc-339f25bb793f","c5559f53-beed-4a61-a404-4c0a2d9ad1ae","a920f06d-16ee-488d-919b-c8140b27c7a6","4967ad75-4656-4753-8f5f-59ec42510176","4cb6331e-d45d-4602-93d6-ffd290cd0c16","4f658f72-cb59-4b57-9f5c-f50f1f29eb97","12bed89b-5429-4fa6-b622-b58a159d975a","f3c6ee46-b34c-4c91-9c9c-a752b4dae1e5","ce64951e-f788-4420-bb41-4a91d74404ac","785d54c8-5e65-4943-94f8-62100654ddbe","74af804c-ade7-455c-998d-fd1ac00bec76","ad1b86eb-7e3c-416b-8c32-a040fcef7e08","06dc2d41-2722-4bda-9c58-310ef6623f56","1234f274-9367-4d07-b863-be341bc9254a","fb37f16b-d0ff-4ca8-a689-9e335ef006e9"],"settings":{"full_with":true,"noGutter":false,"color_bg":"#dde4b6","padding_block":"7% 1% 2% 0%","responsivePading":true,"headingtags":"h2","title":"Our Cast of Characters","subtitle":"","enablelinks":true,"effect":"effectOne","popup_image":false,"carousel_enable":true,"navigation":true,"autoplay":true,"autoplay_timeout":"10000","column1":7,"column2":4,"column3":3,"column4":2,"column5":2}},"vela-topbar":{"type":"vela-topbar","blocks":{"ea8b8c90-d7f7-4bfd-9d78-adb81c176bb0":{"type":"item","settings":{"tickeritems":"Free shipping on all orders!"}},"e083ca29-64bf-4396-bafa-e6c05bed99df":{"type":"item","settings":{"tickeritems":"Experience 6 of our favorite flavors for one low price. <a href=\"https:\/\/www.ketochow.xyz\/products\/essentials-kit\">Try our Essentials Kit<\/a>"}},"315aae37-6854-43bb-b5c7-d450247956ac":{"type":"item","settings":{"tickeritems":"<a href=\"https:\/\/www.ketochow.xyz\/pages\/chooseyourkit\">Become a subscriber and get 15-20% off your entire order<\/a>"}},"ba6aec50-b32d-4f72-83ca-57732c5bc6ae":{"type":"item","settings":{"tickeritems":"<a href=\"https:\/\/www.ketochow.xyz\/collections\/valentines-collection\">Shop our Valentine's Collection<\/a>"}}},"block_order":["ea8b8c90-d7f7-4bfd-9d78-adb81c176bb0","e083ca29-64bf-4396-bafa-e6c05bed99df","315aae37-6854-43bb-b5c7-d450247956ac","ba6aec50-b32d-4f72-83ca-57732c5bc6ae"],"settings":{"bannertop_enabel":false,"bannertop_link":"","topbar_enabel":true,"topbar_full_with":true,"topbar_title":"","topbar_center":"","topbar_right":"","ticker_enable":true}},"ValentinesCollection":{"type":"ValentinesCollection","settings":{"collection_product_columns":"4","collection_product_page":"12","product_image_size":"500x","collection_image":false,"collection_title":false,"collection_description":false}},"vela-breadcrumb-image":{"type":"vela-breadcrumb-image","settings":{"breadcrumb-enable":false,"enable":true}},"vela-collection-banner-valentines":{"type":"vela-collection-banner-valentines","blocks":{"3aac794e-e1aa-4e68-85e6-5483825e2acd":{"type":"image","settings":{"bgimage":"shopify:\/\/shop_images\/valentines-banner-01.jpg","collection_handle":"valentines-collection"}}},"block_order":["3aac794e-e1aa-4e68-85e6-5483825e2acd"],"settings":{"banner_enable":true,"collection_full":true}}},"content_for_index":["1598521054696","1600765258111","1625603117cff75d5c","1641262652ada89610","16437423687a1947a5","164246068216c583d5","1642461784347aa295","16424635152016268f","164246395757bfd8de","1600248099992","16412608282450dd99","1623364258a24e9d2b"],"blocks":{"1633383803eec7f2ca":{"type":"shopify:\/\/apps\/personalized-recommendations\/blocks\/app-embed\/6e79d991-1504-45bb-88e3-1fb55a4f26cd","disabled":true,"settings":{}}}}}